{"options":{"check_for_updates":true,"comment":null,"compatopts_for_requires":true,"compat_wrappedjsobject":false,"compat_metadata":false,"compat_foreach":false,"compat_arrayleft":false,"compat_uW_gmonkey":false,"compat_forvarin":false,"noframes":null,"awareOfChrome":false,"run_at":null,"override":{"use_includes":[],"orig_includes":["http://*/*","https://*/*"],"merge_includes":true,"use_matches":[],"orig_matches":[],"merge_matches":true,"use_excludes":[],"orig_excludes":[],"merge_excludes":true,"use_connects":[],"merge_connects":true,"use_blockers":[],"orig_run_at":"document-start","orig_noframes":null,"orig_connects":["foxvalleyfoodie.com","tvnplayer.pl","xmc.pl","wp.tv","sagkjeder.no","mtgx.tv","canal-plus.com","*"]}},"settings":{"enabled":true,"position":7},"meta":{"name":"AAK-Cont Userscript For uBlock Origin","uuid":"fe5b469c-cab4-4c4f-8af4-b365344bffee","modified":1501944593242,"file_url":"https://xuhaiyang1234.gitlab.io/AAK-Cont/dist/aak-cont-script-ubo.user.js"}}