{"options":{"check_for_updates":true,"comment":null,"compatopts_for_requires":true,"compat_wrappedjsobject":false,"compat_metadata":false,"compat_foreach":false,"compat_arrayleft":false,"compat_uW_gmonkey":false,"compat_forvarin":false,"noframes":null,"awareOfChrome":false,"run_at":null,"override":{"use_includes":[],"orig_includes":[],"merge_includes":true,"use_matches":[],"orig_matches":["*://www.youtube.com/*"],"merge_matches":true,"use_excludes":[],"orig_excludes":["*://www.youtube.com/tv*","*://www.youtube.com/embed/*","*://www.youtube.com/live_chat*"],"merge_excludes":true,"use_connects":[],"merge_connects":true,"use_blockers":[],"orig_run_at":"document-start","orig_noframes":true,"orig_connects":[]}},"settings":{"enabled":true,"position":5},"meta":{"name":"Iridium","uuid":"7c22af0b-3a91-491a-99a5-5ad200b3bfbc","modified":1501944570436,"file_url":"https://github.com/ParticleCore/Iridium/raw/beta/src/userscript/Iridium.user.js"}}