{"options":{"check_for_updates":true,"comment":null,"compatopts_for_requires":true,"compat_wrappedjsobject":false,"compat_metadata":false,"compat_foreach":false,"compat_arrayleft":false,"compat_uW_gmonkey":false,"compat_forvarin":false,"noframes":null,"awareOfChrome":false,"run_at":null,"override":{"use_includes":[],"orig_includes":["*"],"merge_includes":true,"use_matches":[],"orig_matches":[],"merge_matches":true,"use_excludes":[],"orig_excludes":["https://www.google.*/search*","https://www.google.*/webhp*","https://music.google.com/*","https://mail.google.com/*","https://docs.google.com/*","https://encrypted.google.com/*","http://mxr.mozilla.org/*","http://w3c*.github.io/*"],"merge_excludes":true,"use_connects":[],"merge_connects":true,"use_blockers":[],"orig_run_at":"document-idle","orig_noframes":null,"orig_connects":[]}},"settings":{"enabled":true,"position":2},"meta":{"name":"Linkify Plus Plus","uuid":"5601ff7f-8e83-4ff8-8559-cdff407ecc81","modified":1501944550353,"file_url":"https://greasyfork.org/scripts/4255-linkify-plus-plus/code/Linkify%20Plus%20Plus.user.js"}}